user_id,username,is_registered,ip_address,country
1,User 1,True,192.168.0.1,USA
2,User 2,False,192.168.0.2,UK
3,User 3,False,192.168.0.3,USA
4,User 4,False,192.168.0.4,UK
5,User 5,True,192.168.0.5,USA
6,User 6,False,192.168.0.6,UK
7,User 7,True,192.168.0.7,USA
8,User 8,True,192.168.0.8,Canada
9,User 9,False,192.168.0.9,UK
10,User 10,True,192.168.0.10,USA
11,User 11,False,192.168.0.11,Canada
12,User 12,False,192.168.0.12,Canada
13,User 13,False,192.168.0.13,Canada
14,User 14,False,192.168.0.14,USA
15,User 15,False,192.168.0.15,UK
16,User 16,True,192.168.0.16,USA
17,User 17,True,192.168.0.17,Canada
18,User 18,False,192.168.0.18,Canada
19,User 19,False,192.168.0.19,Canada
20,User 20,False,192.168.0.20,UK
21,User 21,False,192.168.0.21,USA
22,User 22,False,192.168.0.22,Canada
23,User 23,True,192.168.0.23,USA
24,User 24,True,192.168.0.24,UK
25,User 25,False,192.168.0.25,USA
26,User 26,False,192.168.0.26,UK
27,User 27,True,192.168.0.27,UK
28,User 28,False,192.168.0.28,UK
29,User 29,True,192.168.0.29,UK
30,User 30,False,192.168.0.30,USA
31,User 31,True,192.168.0.31,USA
32,User 32,False,192.168.0.32,UK
33,User 33,True,192.168.0.33,USA
34,User 34,True,192.168.0.34,USA
35,User 35,False,192.168.0.35,USA
36,User 36,False,192.168.0.36,UK
37,User 37,False,192.168.0.37,USA
38,User 38,False,192.168.0.38,Canada
39,User 39,False,192.168.0.39,USA
40,User 40,True,192.168.0.40,USA
41,User 41,False,192.168.0.41,USA
42,User 42,False,192.168.0.42,USA
43,User 43,False,192.168.0.43,Canada
44,User 44,True,192.168.0.44,Canada
45,User 45,True,192.168.0.45,UK
46,User 46,True,192.168.0.46,Canada
47,User 47,True,192.168.0.47,Canada
48,User 48,True,192.168.0.48,USA
49,User 49,False,192.168.0.49,USA
50,User 50,True,192.168.0.50,USA
51,User 51,True,192.168.0.51,UK
52,User 52,True,192.168.0.52,Canada
53,User 53,False,192.168.0.53,Canada
54,User 54,True,192.168.0.54,USA
55,User 55,False,192.168.0.55,Canada
56,User 56,False,192.168.0.56,Canada
57,User 57,True,192.168.0.57,UK
58,User 58,False,192.168.0.58,Canada
59,User 59,False,192.168.0.59,USA
60,User 60,True,192.168.0.60,USA
61,User 61,False,192.168.0.61,UK
62,User 62,True,192.168.0.62,UK
63,User 63,False,192.168.0.63,UK
64,User 64,True,192.168.0.64,USA
65,User 65,True,192.168.0.65,Canada
66,User 66,False,192.168.0.66,UK
67,User 67,True,192.168.0.67,UK
68,User 68,True,192.168.0.68,Canada
69,User 69,True,192.168.0.69,UK
70,User 70,True,192.168.0.70,Canada
71,User 71,False,192.168.0.71,USA
72,User 72,True,192.168.0.72,Canada
73,User 73,True,192.168.0.73,UK
74,User 74,True,192.168.0.74,UK
75,User 75,True,192.168.0.75,UK
76,User 76,False,192.168.0.76,Canada
77,User 77,False,192.168.0.77,USA
78,User 78,False,192.168.0.78,Canada
79,User 79,True,192.168.0.79,UK
80,User 80,True,192.168.0.80,USA
81,User 81,False,192.168.0.81,UK
82,User 82,False,192.168.0.82,Canada
83,User 83,True,192.168.0.83,USA
84,User 84,True,192.168.0.84,UK
85,User 85,True,192.168.0.85,USA
86,User 86,False,192.168.0.86,USA
87,User 87,False,192.168.0.87,USA
88,User 88,True,192.168.0.88,Canada
89,User 89,False,192.168.0.89,Canada
90,User 90,False,192.168.0.90,Canada
91,User 91,True,192.168.0.91,USA
92,User 92,True,192.168.0.92,USA
93,User 93,True,192.168.0.93,USA
94,User 94,True,192.168.0.94,Canada
95,User 95,False,192.168.0.95,Canada
96,User 96,True,192.168.0.96,UK
97,User 97,True,192.168.0.97,Canada
98,User 98,False,192.168.0.98,USA
99,User 99,False,192.168.0.99,Canada
100,User 100,True,192.168.0.100,Canada
101,User 101,True,192.168.0.101,USA
102,User 102,True,192.168.0.102,Canada
103,User 103,False,192.168.0.103,Canada
104,User 104,True,192.168.0.104,UK
105,User 105,True,192.168.0.105,UK
106,User 106,True,192.168.0.106,Canada
107,User 107,True,192.168.0.107,USA
108,User 108,False,192.168.0.108,USA
109,User 109,True,192.168.0.109,UK
110,User 110,True,192.168.0.110,Canada
111,User 111,False,192.168.0.111,Canada
112,User 112,True,192.168.0.112,UK
113,User 113,True,192.168.0.113,Canada
114,User 114,True,192.168.0.114,Canada
115,User 115,False,192.168.0.115,UK
116,User 116,False,192.168.0.116,Canada
117,User 117,True,192.168.0.117,UK
118,User 118,False,192.168.0.118,USA
119,User 119,True,192.168.0.119,Canada
120,User 120,True,192.168.0.120,UK
121,User 121,True,192.168.0.121,Canada
122,User 122,True,192.168.0.122,UK
123,User 123,True,192.168.0.123,Canada
124,User 124,False,192.168.0.124,Canada
125,User 125,True,192.168.0.125,USA
126,User 126,False,192.168.0.126,USA
127,User 127,False,192.168.0.127,USA
128,User 128,True,192.168.0.128,USA
129,User 129,False,192.168.0.129,USA
130,User 130,True,192.168.0.130,Canada
131,User 131,False,192.168.0.131,USA
132,User 132,True,192.168.0.132,UK
133,User 133,True,192.168.0.133,UK
134,User 134,False,192.168.0.134,Canada
135,User 135,True,192.168.0.135,UK
136,User 136,True,192.168.0.136,USA
137,User 137,False,192.168.0.137,UK
138,User 138,True,192.168.0.138,Canada
139,User 139,True,192.168.0.139,Canada
140,User 140,True,192.168.0.140,Canada
141,User 141,False,192.168.0.141,Canada
142,User 142,True,192.168.0.142,USA
143,User 143,False,192.168.0.143,USA
144,User 144,False,192.168.0.144,Canada
145,User 145,True,192.168.0.145,USA
146,User 146,True,192.168.0.146,Canada
147,User 147,True,192.168.0.147,UK
148,User 148,True,192.168.0.148,Canada
149,User 149,False,192.168.0.149,USA
150,User 150,False,192.168.0.150,USA
151,User 151,True,192.168.0.151,USA
152,User 152,False,192.168.0.152,Canada
153,User 153,True,192.168.0.153,UK
154,User 154,False,192.168.0.154,USA
155,User 155,False,192.168.0.155,USA
156,User 156,False,192.168.0.156,USA
157,User 157,False,192.168.0.157,Canada
158,User 158,True,192.168.0.158,USA
159,User 159,False,192.168.0.159,USA
160,User 160,False,192.168.0.160,Canada
161,User 161,False,192.168.0.161,USA
162,User 162,True,192.168.0.162,Canada
163,User 163,True,192.168.0.163,UK
164,User 164,True,192.168.0.164,Canada
165,User 165,True,192.168.0.165,USA
166,User 166,False,192.168.0.166,UK
167,User 167,False,192.168.0.167,USA
168,User 168,False,192.168.0.168,USA
169,User 169,False,192.168.0.169,Canada
170,User 170,False,192.168.0.170,UK
171,User 171,False,192.168.0.171,Canada
172,User 172,True,192.168.0.172,USA
173,User 173,False,192.168.0.173,USA
174,User 174,True,192.168.0.174,Canada
175,User 175,False,192.168.0.175,Canada
176,User 176,True,192.168.0.176,USA
177,User 177,False,192.168.0.177,UK
178,User 178,False,192.168.0.178,Canada
179,User 179,True,192.168.0.179,Canada
180,User 180,True,192.168.0.180,USA
181,User 181,True,192.168.0.181,USA
182,User 182,True,192.168.0.182,USA
183,User 183,False,192.168.0.183,USA
184,User 184,False,192.168.0.184,Canada
185,User 185,False,192.168.0.185,UK
186,User 186,False,192.168.0.186,Canada
187,User 187,False,192.168.0.187,USA
188,User 188,False,192.168.0.188,UK
189,User 189,True,192.168.0.189,USA
190,User 190,False,192.168.0.190,Canada
191,User 191,True,192.168.0.191,USA
192,User 192,True,192.168.0.192,Canada
193,User 193,False,192.168.0.193,USA
194,User 194,True,192.168.0.194,UK
195,User 195,False,192.168.0.195,Canada
196,User 196,False,192.168.0.196,UK
197,User 197,False,192.168.0.197,Canada
198,User 198,False,192.168.0.198,Canada
199,User 199,False,192.168.0.199,Canada
200,User 200,False,192.168.0.200,UK
201,User 201,False,192.168.0.201,UK
202,User 202,False,192.168.0.202,UK
203,User 203,False,192.168.0.203,UK
204,User 204,True,192.168.0.204,Canada
205,User 205,False,192.168.0.205,Canada
206,User 206,True,192.168.0.206,Canada
207,User 207,False,192.168.0.207,UK
208,User 208,False,192.168.0.208,Canada
209,User 209,True,192.168.0.209,Canada
210,User 210,True,192.168.0.210,USA
211,User 211,True,192.168.0.211,Canada
212,User 212,True,192.168.0.212,USA
213,User 213,False,192.168.0.213,USA
214,User 214,False,192.168.0.214,Canada
215,User 215,False,192.168.0.215,UK
216,User 216,True,192.168.0.216,UK
217,User 217,True,192.168.0.217,Canada
218,User 218,False,192.168.0.218,USA
219,User 219,True,192.168.0.219,USA
220,User 220,True,192.168.0.220,Canada
221,User 221,False,192.168.0.221,UK
222,User 222,False,192.168.0.222,Canada
223,User 223,True,192.168.0.223,USA
224,User 224,False,192.168.0.224,UK
225,User 225,False,192.168.0.225,USA
226,User 226,True,192.168.0.226,UK
227,User 227,True,192.168.0.227,UK
228,User 228,True,192.168.0.228,USA
229,User 229,False,192.168.0.229,UK
230,User 230,False,192.168.0.230,USA
231,User 231,True,192.168.0.231,USA
232,User 232,True,192.168.0.232,Canada
233,User 233,True,192.168.0.233,USA
234,User 234,False,192.168.0.234,UK
235,User 235,True,192.168.0.235,USA
236,User 236,False,192.168.0.236,Canada
237,User 237,False,192.168.0.237,UK
238,User 238,False,192.168.0.238,Canada
239,User 239,True,192.168.0.239,Canada
240,User 240,False,192.168.0.240,Canada
241,User 241,True,192.168.0.241,USA
242,User 242,True,192.168.0.242,Canada
243,User 243,False,192.168.0.243,USA
244,User 244,False,192.168.0.244,USA
245,User 245,False,192.168.0.245,Canada
246,User 246,False,192.168.0.246,UK
247,User 247,True,192.168.0.247,Canada
248,User 248,True,192.168.0.248,Canada
249,User 249,True,192.168.0.249,Canada
250,User 250,True,192.168.0.250,USA
251,User 251,True,192.168.0.251,USA
252,User 252,True,192.168.0.252,Canada
253,User 253,False,192.168.0.253,USA
254,User 254,True,192.168.0.254,USA
255,User 255,True,192.168.0.255,UK
256,User 256,True,192.168.0.256,UK
257,User 257,True,192.168.0.257,Canada
258,User 258,False,192.168.0.258,UK
259,User 259,False,192.168.0.259,USA
260,User 260,True,192.168.0.260,Canada
261,User 261,True,192.168.0.261,UK
262,User 262,True,192.168.0.262,USA
263,User 263,False,192.168.0.263,UK
264,User 264,True,192.168.0.264,USA
265,User 265,True,192.168.0.265,UK
266,User 266,True,192.168.0.266,UK
267,User 267,False,192.168.0.267,USA
268,User 268,False,192.168.0.268,UK
269,User 269,False,192.168.0.269,USA
270,User 270,True,192.168.0.270,Canada
271,User 271,True,192.168.0.271,USA
272,User 272,False,192.168.0.272,Canada
273,User 273,False,192.168.0.273,USA
274,User 274,True,192.168.0.274,UK
275,User 275,False,192.168.0.275,USA
276,User 276,False,192.168.0.276,UK
277,User 277,True,192.168.0.277,Canada
278,User 278,True,192.168.0.278,Canada
279,User 279,False,192.168.0.279,UK
280,User 280,True,192.168.0.280,Canada
281,User 281,True,192.168.0.281,USA
282,User 282,True,192.168.0.282,Canada
283,User 283,True,192.168.0.283,UK
284,User 284,True,192.168.0.284,UK
285,User 285,False,192.168.0.285,UK
286,User 286,False,192.168.0.286,USA
287,User 287,True,192.168.0.287,Canada
288,User 288,False,192.168.0.288,USA
289,User 289,True,192.168.0.289,Canada
290,User 290,False,192.168.0.290,Canada
291,User 291,True,192.168.0.291,UK
292,User 292,True,192.168.0.292,Canada
293,User 293,True,192.168.0.293,USA
294,User 294,True,192.168.0.294,UK
295,User 295,False,192.168.0.295,UK
296,User 296,True,192.168.0.296,Canada
297,User 297,False,192.168.0.297,Canada
298,User 298,False,192.168.0.298,Canada
299,User 299,True,192.168.0.299,Canada
300,User 300,True,192.168.0.300,UK
301,User 301,False,192.168.0.301,UK
302,User 302,False,192.168.0.302,USA
303,User 303,False,192.168.0.303,Canada
304,User 304,False,192.168.0.304,Canada
305,User 305,True,192.168.0.305,UK
306,User 306,True,192.168.0.306,USA
307,User 307,True,192.168.0.307,Canada
308,User 308,False,192.168.0.308,Canada
309,User 309,True,192.168.0.309,Canada
310,User 310,True,192.168.0.310,USA
311,User 311,True,192.168.0.311,USA
312,User 312,True,192.168.0.312,UK
313,User 313,True,192.168.0.313,Canada
314,User 314,True,192.168.0.314,UK
315,User 315,True,192.168.0.315,USA
316,User 316,False,192.168.0.316,Canada
317,User 317,True,192.168.0.317,USA
318,User 318,True,192.168.0.318,USA
319,User 319,False,192.168.0.319,Canada
320,User 320,True,192.168.0.320,USA
321,User 321,True,192.168.0.321,Canada
322,User 322,False,192.168.0.322,USA
323,User 323,True,192.168.0.323,UK
324,User 324,False,192.168.0.324,USA
325,User 325,True,192.168.0.325,USA
326,User 326,False,192.168.0.326,UK
327,User 327,False,192.168.0.327,Canada
328,User 328,False,192.168.0.328,Canada
329,User 329,True,192.168.0.329,Canada
330,User 330,False,192.168.0.330,UK
331,User 331,False,192.168.0.331,UK
332,User 332,False,192.168.0.332,USA
333,User 333,True,192.168.0.333,UK
334,User 334,False,192.168.0.334,UK
335,User 335,True,192.168.0.335,Canada
336,User 336,False,192.168.0.336,USA
337,User 337,True,192.168.0.337,Canada
338,User 338,True,192.168.0.338,USA
339,User 339,True,192.168.0.339,Canada
340,User 340,False,192.168.0.340,UK
341,User 341,False,192.168.0.341,USA
342,User 342,False,192.168.0.342,Canada
343,User 343,True,192.168.0.343,UK
344,User 344,True,192.168.0.344,UK
345,User 345,True,192.168.0.345,UK
346,User 346,False,192.168.0.346,Canada
347,User 347,True,192.168.0.347,UK
348,User 348,True,192.168.0.348,UK
349,User 349,True,192.168.0.349,Canada
350,User 350,True,192.168.0.350,Canada
351,User 351,False,192.168.0.351,Canada
352,User 352,True,192.168.0.352,USA
353,User 353,False,192.168.0.353,Canada
354,User 354,True,192.168.0.354,Canada
355,User 355,False,192.168.0.355,UK
356,User 356,True,192.168.0.356,USA
357,User 357,False,192.168.0.357,USA
358,User 358,True,192.168.0.358,UK
359,User 359,False,192.168.0.359,UK
360,User 360,True,192.168.0.360,UK
361,User 361,True,192.168.0.361,Canada
362,User 362,False,192.168.0.362,UK
363,User 363,True,192.168.0.363,UK
364,User 364,True,192.168.0.364,USA
365,User 365,False,192.168.0.365,Canada
366,User 366,False,192.168.0.366,USA
367,User 367,True,192.168.0.367,USA
368,User 368,True,192.168.0.368,Canada
369,User 369,False,192.168.0.369,UK
370,User 370,False,192.168.0.370,USA
371,User 371,True,192.168.0.371,USA
372,User 372,True,192.168.0.372,Canada
373,User 373,False,192.168.0.373,UK
374,User 374,False,192.168.0.374,UK
375,User 375,True,192.168.0.375,UK
376,User 376,True,192.168.0.376,Canada
377,User 377,True,192.168.0.377,USA
378,User 378,False,192.168.0.378,Canada
379,User 379,False,192.168.0.379,Canada
380,User 380,True,192.168.0.380,Canada
381,User 381,False,192.168.0.381,UK
382,User 382,True,192.168.0.382,USA
383,User 383,True,192.168.0.383,Canada
384,User 384,False,192.168.0.384,UK
385,User 385,True,192.168.0.385,Canada
386,User 386,True,192.168.0.386,UK
387,User 387,True,192.168.0.387,USA
388,User 388,False,192.168.0.388,Canada
389,User 389,True,192.168.0.389,USA
390,User 390,False,192.168.0.390,Canada
391,User 391,True,192.168.0.391,UK
392,User 392,True,192.168.0.392,UK
393,User 393,False,192.168.0.393,USA
394,User 394,True,192.168.0.394,Canada
395,User 395,False,192.168.0.395,Canada
396,User 396,False,192.168.0.396,UK
397,User 397,False,192.168.0.397,UK
398,User 398,False,192.168.0.398,Canada
399,User 399,False,192.168.0.399,Canada
400,User 400,True,192.168.0.400,Canada
401,User 401,True,192.168.0.401,Canada
402,User 402,True,192.168.0.402,Canada
403,User 403,False,192.168.0.403,UK
404,User 404,False,192.168.0.404,Canada
405,User 405,False,192.168.0.405,UK
406,User 406,False,192.168.0.406,UK
407,User 407,True,192.168.0.407,Canada
408,User 408,False,192.168.0.408,USA
409,User 409,True,192.168.0.409,UK
410,User 410,False,192.168.0.410,Canada
411,User 411,False,192.168.0.411,Canada
412,User 412,True,192.168.0.412,USA
413,User 413,False,192.168.0.413,UK
414,User 414,False,192.168.0.414,Canada
415,User 415,False,192.168.0.415,USA
416,User 416,False,192.168.0.416,Canada
417,User 417,True,192.168.0.417,Canada
418,User 418,True,192.168.0.418,Canada
419,User 419,True,192.168.0.419,Canada
420,User 420,False,192.168.0.420,USA
421,User 421,True,192.168.0.421,UK
422,User 422,False,192.168.0.422,UK
423,User 423,True,192.168.0.423,USA
424,User 424,True,192.168.0.424,UK
425,User 425,False,192.168.0.425,USA
426,User 426,False,192.168.0.426,UK
427,User 427,False,192.168.0.427,Canada
428,User 428,False,192.168.0.428,UK
429,User 429,False,192.168.0.429,Canada
430,User 430,False,192.168.0.430,USA
431,User 431,True,192.168.0.431,USA
432,User 432,False,192.168.0.432,Canada
433,User 433,True,192.168.0.433,USA
434,User 434,False,192.168.0.434,Canada
435,User 435,True,192.168.0.435,UK
436,User 436,True,192.168.0.436,USA
437,User 437,False,192.168.0.437,Canada
438,User 438,False,192.168.0.438,UK
439,User 439,False,192.168.0.439,UK
440,User 440,True,192.168.0.440,USA
441,User 441,True,192.168.0.441,USA
442,User 442,True,192.168.0.442,UK
443,User 443,True,192.168.0.443,UK
444,User 444,False,192.168.0.444,USA
445,User 445,True,192.168.0.445,UK
446,User 446,False,192.168.0.446,UK
447,User 447,True,192.168.0.447,Canada
448,User 448,True,192.168.0.448,Canada
449,User 449,False,192.168.0.449,Canada
450,User 450,True,192.168.0.450,USA
451,User 451,True,192.168.0.451,UK
452,User 452,False,192.168.0.452,UK
453,User 453,False,192.168.0.453,UK
454,User 454,True,192.168.0.454,UK
455,User 455,False,192.168.0.455,USA
456,User 456,False,192.168.0.456,UK
457,User 457,True,192.168.0.457,Canada
458,User 458,True,192.168.0.458,USA
459,User 459,True,192.168.0.459,Canada
460,User 460,False,192.168.0.460,Canada
461,User 461,False,192.168.0.461,USA
462,User 462,True,192.168.0.462,UK
463,User 463,True,192.168.0.463,UK
464,User 464,False,192.168.0.464,Canada
465,User 465,True,192.168.0.465,UK
466,User 466,True,192.168.0.466,UK
467,User 467,True,192.168.0.467,USA
468,User 468,False,192.168.0.468,USA
469,User 469,False,192.168.0.469,USA
470,User 470,False,192.168.0.470,USA
471,User 471,True,192.168.0.471,USA
472,User 472,False,192.168.0.472,Canada
473,User 473,False,192.168.0.473,USA
474,User 474,True,192.168.0.474,UK
475,User 475,False,192.168.0.475,UK
476,User 476,True,192.168.0.476,USA
477,User 477,True,192.168.0.477,USA
478,User 478,True,192.168.0.478,Canada
479,User 479,False,192.168.0.479,Canada
480,User 480,False,192.168.0.480,USA
481,User 481,False,192.168.0.481,Canada
482,User 482,True,192.168.0.482,UK
483,User 483,False,192.168.0.483,Canada
484,User 484,True,192.168.0.484,UK
485,User 485,False,192.168.0.485,Canada
486,User 486,True,192.168.0.486,USA
487,User 487,True,192.168.0.487,UK
488,User 488,False,192.168.0.488,Canada
489,User 489,False,192.168.0.489,USA
490,User 490,True,192.168.0.490,Canada
491,User 491,True,192.168.0.491,UK
492,User 492,False,192.168.0.492,UK
493,User 493,False,192.168.0.493,UK
494,User 494,False,192.168.0.494,Canada
495,User 495,True,192.168.0.495,Canada
496,User 496,False,192.168.0.496,USA
497,User 497,False,192.168.0.497,Canada
498,User 498,True,192.168.0.498,Canada
499,User 499,False,192.168.0.499,USA
500,User 500,False,192.168.0.500,USA
